<?xml version="1.0" encoding="UTF-8"?>
<beans xmlns="http://www.springframework.org/schema/beans"
	xmlns:context="http://www.springframework.org/schema/context"
	xmlns:mvc="http://www.springframework.org/schema/mvc"
	xmlns:xsi="http://www.w3.org/2001/XMLSchema-instance"
	xsi:schemaLocation="
   http://www.springframework.org/schema/beans    
   http://www.springframework.org/schema/beans/spring-beans-3.0.xsd
   http://www.springframework.org/schema/context
   http://www.springframework.org/schema/context/spring-context-3.0.xsd
   http://www.springframework.org/schema/mvc
   http://www.springframework.org/schema/mvc/spring-mvc-3.0.xsd">

	<context:component-scan
		base-package="com.virtusa.registration" />
	<context:annotation-config />
	<mvc:annotation-driven />

	<!-- instructing spring that, hey! in this application i have included a 
		java class "AccessRegistrationInterceptor" so plz consider this class while 
		u handle or process any request -->
	<mvc:interceptors>



		<bean
			class="com.virtusa.registration.AccessRegistrationInterceptor"></bean>
		<!-- Locale Change Interceptor to achieve internationalization. -->
		<bean
			class="org.springframework.web.servlet.i18n.LocaleChangeInterceptor">
			<property name="paramName" value="siteLanguage"></property>
		</bean>




	</mvc:interceptors>


	<!-- Cookie Resolver -->
	<bean id="localeResolver"
		class="org.springframework.web.servlet.i18n.CookieLocaleResolver">
		<property name="defaultLocale" value="en"></property>
	</bean>


	<bean id="viewResolver"
		class="org.springframework.web.servlet.view.InternalResourceViewResolver">
		<property name="prefix">
			<value>/WEB-INF/view/</value>
		</property>
		<property name="suffix">
			<value>.jsp</value>
		</property>
	</bean>

	<!--Instructing spring mvc framework that i have included propertie file 
		"studentmessages" which is placed under given path (i.e given in value) -->
	<!-- At runtime any constant voilations occurs please consider this file 
		to get custom error msg for that constraint -->
	<bean id="messageSource"
		class="org.springframework.context.support.ReloadableResourceBundleMessageSource">
		<property name="basename" value="/WEB-INF/studentmessages" />
		<property name="useCodeAsDefaultMessage" value="true" />
	</bean>

</beans>
